date,equity,cash,gross_notional,net_notional,n_long,n_short,funding_pnl,fees,drawdown,breaker,vol_scale,gross_scale,return_pct,fee_pnl,slip_pnl,long_pnl,short_pnl,spread_pnl,turnover,margin_util,top1_share,top3_share,top5_share,missing_funding
2026-09-13,9995.1536,9995.1536,6923.3881,-0.0,17,24,0.0,4.846372,0.0,0,0.7867,1.0,-0.000485,3.461694,1.384678,0.0,0.0,0.0,0.0,0.0,0.0,0.0,0.0,
2026-09-13,9992.7831,9995.1536,6925.1525,-2.3705,17,24,0.0,0.0,-0.000722,0,0.7867,1.0,-0.000722,0.0,0.0,0.0,0.0,0.0,0.0,0.0,0.0,0.0,0.0,
2026-09-14,9984.3342,9984.3342,6025.0124,-0.0,18,24,-1.50947,2.876941,-0.001279,0,0.6418,1.0,-0.001567,2.054958,0.821983,0.0,0.0,0.0,0.0,0.0,0.0,0.0,0.0,
2026-09-15,9841.8869,9807.6637,7102.96,34.2232,17,23,19.656476,1.993312,-0.015612,0,0.7573,1.0,-0.015811,1.423794,0.569518,0.0,0.0,0.0,0.0,0.0,0.0,0.0,0.0,
2026-09-16,10068.066,10085.1231,6882.5213,-17.0571,17,29,10.684112,1.938632,0.0,0,0.698,1.0,0.006807,1.384737,0.553895,0.0,0.0,0.0,0.0,0.0,0.0,0.0,0.0,
2026-09-17,10255.1968,10236.9746,7077.2417,18.2222,17,26,4.223716,1.621735,0.0,0,0.7076,1.0,0.02552,1.158382,0.463353,0.0,0.0,0.0,0.0,0.0,0.0,0.0,0.0,
2026-09-18,10370.7363,10362.4944,7851.4837,8.2419,19,24,25.551044,2.49524,0.0,0,0.7585,1.0,0.037074,1.782314,0.712926,0.0,0.0,0.0,0.0,0.0,0.0,0.0,0.0,
2026-09-19,10584.3187,10580.7786,7428.9853,3.5401,18,23,24.986534,3.188365,0.0,0,0.7143,1.0,0.058432,2.277404,0.910961,0.0,0.0,0.0,0.0,0.0,0.0,0.0,0.0,
2026-09-20,10645.8867,10615.4096,7378.3889,30.4771,17,21,6.808097,1.865749,0.0,0,0.7244,1.0,0.064589,1.332678,0.533071,0.0,0.0,0.0,0.0,0.0,0.0,0.0,0.0,
2026-09-21,10820.668,10845.0124,7514.5919,-24.3444,16,28,39.912123,5.180925,0.0,0,0.7059,1.0,0.082067,3.700661,1.480264,0.0,0.0,0.0,0.0,0.0,0.0,0.0,0.0,
2026-09-22,10731.7888,10704.9021,6727.5768,26.8867,20,25,0.398994,2.442135,-0.008463,0,0.6349,1.0,0.073179,1.744382,0.697753,0.0,0.0,0.0,0.0,0.0,0.0,0.0,0.0,
2026-09-23,10636.9706,10634.4365,7046.8839,2.5342,18,22,0.206123,1.710873,-0.017289,0,0.6798,1.0,0.063697,1.222052,0.488821,0.0,0.0,0.0,0.0,0.0,0.0,0.0,0.0,
2026-09-24,10491.775,10481.2563,6307.8371,10.5188,17,24,5.38921,1.986096,-0.030675,0,0.6233,1.0,0.049178,1.41864,0.567456,344.727083,0.908736,345.635819,0.270429,0.601217,0.051844,0.155192,0.240829,"BCHUSDT,BTRUSDT,DOGEUSDT,SKHYUSDT,SPCXUSDT,WLDUSDT"
2026-09-25,10320.4234,10320.4234,9911.7713,0.0,18,21,7.654664,4.338445,-0.046286,0,1.0,1.0,0.032042,3.098889,1.239556,160.444103,-66.684295,93.759808,0.600535,0.960404,0.052083,0.15625,0.260417,"ASTERUSDT,CRCLUSDT,DRAMUSDT,ETHUSDT,PENGUUSDT,RAYSOLUSDT,SUIUSDT"
2026-09-26,10305.2437,10302.2217,9520.0806,3.0221,18,15,0.683783,2.762961,-0.047834,0,1.0,1.0,0.030524,1.973544,0.789417,429.323891,-78.64207,350.681821,0.383017,0.923809,0.054677,0.163298,0.271575,"AAVEUSDT,BTRUSDT,HYPEUSDT,龙虾USDT"
2026-09-27,10292.7838,10292.7453,9687.3654,0.0386,20,21,-1.614821,2.987396,-0.048964,0,1.0,1.0,0.029278,2.133854,0.853542,551.4145,-75.460325,475.954175,0.414631,0.94118,0.053323,0.159663,0.255315,"ASTERUSDT,BRUSDT,FILUSDT,LITUSDT,LSKUSDT,ONEUSDT,PENGUUSDT,QQQUSDT,SAMSUNGUSDT,SNXXUSDT"
2026-09-28,10316.1407,10313.3387,9265.9157,2.802,18,19,0.366519,1.896678,-0.046907,0,1.0,1.0,0.031614,1.35477,0.541908,530.200903,-4.703826,525.497077,0.262651,0.898196,0.055714,0.16697,0.277128,"DASHUSDT,ONDOUSDT,QNTUSDT"
2026-09-29,9986.5397,9982.5202,9173.2904,4.0196,19,22,4.054643,2.285301,-0.077317,0,1.0,1.0,-0.001346,1.632358,0.652943,46.011536,141.902939,187.914475,0.326912,0.918565,0.054445,0.163302,0.260522,"BTWUSDT,DRAMUSDT,HYPEUSDT,LINKUSDT,SKHYNIXUSDT,SNDKUSDT,SOLUSDT,TSLAUSDT"
