date,symbol,target_weight,price
2026-09-13,ZECUSDT,0.03147,1099.27
2026-09-13,SOLUSDT,0.007867,101.29
2026-09-13,龙虾USDT,0.03147,0.1442
2026-09-13,FILUSDT,-0.007867,0.9884
2026-09-13,SKHYNIXUSDT,-0.007867,1290.12
2026-09-13,XAUUSDT,-0.023602,4343.07
2026-09-13,SOXLUSDT,-0.015735,117.41
2026-09-13,CLUSDT,0.015735,97.32
2026-09-13,BNBUSDT,0.007867,722.43
2026-09-13,MUUSDT,-0.007867,940.34
2026-09-13,SUIUSDT,-0.023602,0.7196
2026-09-13,NEARUSDT,0.023602,2.342
2026-09-13,1000PEPEUSDT,-0.015735,0.0034189
2026-09-13,UNIUSDT,0.03147,6.27
2026-09-13,PUMPUSDT,-0.007867,0.003588
2026-09-13,BTWUSDT,0.023602,0.70799
2026-09-13,BZUSDT,0.007867,101.72
2026-09-13,ADAUSDT,-0.007867,0.2084
2026-09-13,SPCXUSDT,0.015735,149.25
2026-09-13,USELESSUSDT,0.039337,0.22271
2026-09-13,ARBUSDT,0.007867,0.13774
2026-09-13,AKEUSDT,0.023602,0.015138
2026-09-13,XAGUSDT,-0.023602,64.47
2026-09-13,KORUUSDT,-0.007867,22.32
2026-09-13,TRUMPUSDT,-0.015735,1.979
2026-09-13,BCHUSDT,-0.015735,224.19
2026-09-13,NVDAUSDT,-0.007867,215.71
2026-09-13,LITUSDT,0.03147,4.2446
2026-09-13,DRAMUSDT,-0.007867,56.71
2026-09-13,DASHUSDT,0.015735,54.39
2026-09-13,QQQUSDT,-0.015735,709.55
2026-09-13,ASTERUSDT,-0.007867,0.697
2026-09-13,SAMSUNGUSDT,-0.007867,190.78
2026-09-13,PROMUSDT,0.023602,5.719
2026-09-13,PAXGUSDT,-0.023602,4341.38
2026-09-13,HEMIUSDT,-0.023602,0.006254
2026-09-13,TSLAUSDT,-0.007867,362.85
2026-09-13,TUTUSDT,-0.03147,0.01937
2026-09-13,ONGUSDT,-0.015735,0.07761
2026-09-13,BTRUSDT,-0.015735,0.0505
2026-09-13,SKRUSDT,0.007867,0.018338
2026-09-13,ZECUSDT,0.03147,1100.33
2026-09-13,SOLUSDT,0.007867,101.39
2026-09-13,龙虾USDT,0.03147,0.144327
2026-09-13,FILUSDT,-0.007867,0.99
2026-09-13,SKHYNIXUSDT,-0.007867,1290.32
2026-09-13,XAUUSDT,-0.023602,4342.92
2026-09-13,SOXLUSDT,-0.015735,117.42
2026-09-13,CLUSDT,0.015735,97.28
2026-09-13,BNBUSDT,0.007867,722.77
2026-09-13,MUUSDT,-0.007867,940.72
2026-09-13,SUIUSDT,-0.023602,0.7201
2026-09-13,NEARUSDT,0.023602,2.344
2026-09-13,1000PEPEUSDT,-0.015735,0.0034205
2026-09-13,UNIUSDT,0.03147,6.272
2026-09-13,PUMPUSDT,-0.007867,0.003592
2026-09-13,BTWUSDT,0.023602,0.70714
2026-09-13,BZUSDT,0.007867,101.69
2026-09-13,ADAUSDT,-0.007867,0.2086
2026-09-13,SPCXUSDT,0.015735,149.25
2026-09-13,USELESSUSDT,0.039337,0.22201
2026-09-13,ARBUSDT,0.007867,0.13795
2026-09-13,AKEUSDT,0.023602,0.015111
2026-09-13,XAGUSDT,-0.023602,64.46
2026-09-13,KORUUSDT,-0.007867,22.34
2026-09-13,TRUMPUSDT,-0.015735,1.982
2026-09-13,BCHUSDT,-0.015735,224.27
2026-09-13,NVDAUSDT,-0.007867,215.76
2026-09-13,LITUSDT,0.03147,4.241
2026-09-13,DRAMUSDT,-0.007867,56.72
2026-09-13,DASHUSDT,0.015735,54.44
2026-09-13,QQQUSDT,-0.015735,709.69
2026-09-13,ASTERUSDT,-0.007867,0.6972
2026-09-13,SAMSUNGUSDT,-0.007867,190.8
2026-09-13,PROMUSDT,0.023602,5.734
2026-09-13,PAXGUSDT,-0.023602,4342.26
2026-09-13,HEMIUSDT,-0.023602,0.006258
2026-09-13,TSLAUSDT,-0.007867,362.86
2026-09-13,TUTUSDT,-0.03147,0.01941
2026-09-13,ONGUSDT,-0.015735,0.07764
2026-09-13,BTRUSDT,-0.015735,0.05055
2026-09-13,SKRUSDT,0.007867,0.018364
2026-09-14,LSKUSDT,0.032089,0.7589
2026-09-14,ZECUSDT,0.019253,1064.55
2026-09-14,SOLUSDT,0.012836,99.38
2026-09-14,SNDKUSDT,-0.012836,1566.99
2026-09-14,XAUUSDT,-0.019253,4342.58
2026-09-14,SKHYNIXUSDT,-0.006418,1286.26
2026-09-14,CLUSDT,0.012836,98.71
2026-09-14,FILUSDT,0.006418,0.9614
2026-09-14,龙虾USDT,0.025671,0.141803
2026-09-14,SOXLUSDT,-0.019253,114.81
2026-09-14,DOGEUSDT,-0.006418,0.08238
2026-09-14,BNBUSDT,0.006418,716.67
2026-09-14,MUUSDT,-0.012836,944.36
2026-09-14,BZUSDT,0.012836,102.94
2026-09-14,SUIUSDT,-0.019253,0.7017
2026-09-14,XAGUSDT,-0.012836,64.15
2026-09-14,1000PEPEUSDT,-0.006418,0.0033744
2026-09-14,NEARUSDT,0.006418,2.303
2026-09-14,UNIUSDT,0.025671,6.144
2026-09-14,BTWUSDT,0.032089,0.73262
2026-09-14,PUMPUSDT,-0.006418,0.003496
2026-09-14,SNXXUSDT,-0.019253,13.95
2026-09-14,WLDUSDT,-0.006418,0.3796
2026-09-14,SPCXUSDT,0.012836,148.83
2026-09-14,ARBUSDT,0.006418,0.13443
2026-09-14,USELESSUSDT,0.025671,0.21383
2026-09-14,QQQUSDT,-0.012836,708.05
2026-09-14,TRUMPUSDT,-0.012836,1.938
2026-09-14,DRAMUSDT,-0.012836,56.56
2026-09-14,AKEUSDT,0.012836,0.015148
2026-09-14,NVDAUSDT,-0.006418,215.25
2026-09-14,BCHUSDT,-0.025671,221.31
2026-09-14,SOXSUSDT,-0.012836,46.72
2026-09-14,SAMSUNGUSDT,-0.006418,186.51
2026-09-14,LITUSDT,0.019253,4.1192
2026-09-14,DASHUSDT,0.006418,53.22
2026-09-14,INTCUSDT,-0.012836,99.41
2026-09-14,PROMUSDT,0.025671,5.772
2026-09-14,HEMIUSDT,-0.006418,0.006314
2026-09-14,TUTUSDT,-0.025671,0.01904
2026-09-14,ACEUSDT,-0.012836,0.14808
2026-09-14,BTRUSDT,-0.006418,0.04963
