date,equity,cash,gross_notional,net_notional,n_long,n_short,funding_pnl,fees,drawdown,breaker,vol_scale,gross_scale,return_pct
2026-06-15,10097.083267762584,10097.083267762584,0.0,0.0,0,0,0.0,0.0,0.0,0,1.0,1.0,0.009708326776258325
2026-06-16,10566.992262983393,10566.992262983393,0.0,0.0,0,0,0.0,0.0,0.0,0,1.0,1.0,0.056699226298339234
2026-06-17,10668.770561901723,10668.770561901723,0.0,0.0,0,0,0.0,0.0,0.0,0,1.0,1.0,0.06687705619017237
2026-06-18,10737.032066641084,10737.032066641084,0.0,0.0,0,0,0.0,0.0,0.0,0,1.0,1.0,0.07370320666410834
2026-06-19,10814.356658807767,10814.356658807767,0.0,0.0,0,0,0.0,0.0,0.0,0,1.0,1.0,0.08143566588077666
2026-06-20,11192.175971929206,11192.175971929206,0.0,0.0,0,0,0.0,0.0,0.0,0,1.0,1.0,0.11921759719292058
2026-06-22,11393.948526701832,11393.948526701832,0.0,0.0,0,0,0.0,0.0,0.0,0,1.0,1.0,0.13939485267018314
2026-06-24,11531.455280896736,11531.455280896736,0.0,0.0,0,0,0.0,0.0,0.0,0,1.0,1.0,0.15314552808967363
2026-06-25,11637.737993690038,11637.737993690038,0.0,0.0,0,0,0.0,0.0,0.0,0,1.0,1.0,0.16377379936900383
2026-06-26,11658.687573211995,11658.687573211995,0.0,0.0,0,0,0.0,0.0,0.0,0,1.0,1.0,0.16586875732119943
2026-06-28,11922.837183893176,11922.837183893176,0.0,0.0,0,0,0.0,0.0,0.0,0,1.0,1.0,0.19228371838931757
2026-06-30,12123.28454086167,12123.28454086167,0.0,0.0,0,0,0.0,0.0,0.0,0,1.0,1.0,0.21232845408616696
2026-07-01,12674.601093753718,12674.601093753718,0.0,0.0,0,0,0.0,0.0,0.0,0,1.0,1.0,0.2674601093753717
2026-07-02,13604.436984854985,13604.436984854985,0.0,0.0,0,0,0.0,0.0,0.0,0,1.0,1.0,0.3604436984854984
2026-07-03,13640.716410971285,13640.716410971285,0.0,0.0,0,0,0.0,0.0,0.0,0,1.0,1.0,0.36407164109712853
2026-07-04,13654.066894468875,13654.066894468875,0.0,0.0,0,0,0.0,0.0,0.0,0,1.0,1.0,0.3654066894468875
2026-07-07,16409.612225492838,16409.612225492838,0.0,0.0,0,0,0.0,0.0,0.0,0,1.0,1.0,0.6409612225492838
2026-07-08,16860.119038378063,16860.119038378063,0.0,0.0,0,0,0.0,0.0,0.0,0,1.0,1.0,0.6860119038378063
2026-07-09,17591.47943935743,17591.47943935743,0.0,0.0,0,0,0.0,0.0,0.0,0,1.0,1.0,0.7591479439357429
2026-07-11,17995.437141725713,17995.437141725713,0.0,0.0,0,0,0.0,0.0,0.0,0,1.0,1.0,0.7995437141725714
2026-07-12,18956.77632738594,18956.77632738594,0.0,0.0,0,0,0.0,0.0,0.0,0,1.0,1.0,0.8956776327385938
2026-07-13,19801.25737579178,19801.25737579178,0.0,0.0,0,0,0.0,0.0,0.0,0,1.0,1.0,0.9801257375791781
2026-07-15,20650.685858037727,20650.685858037727,0.0,0.0,0,0,0.0,0.0,0.0,0,1.0,1.0,1.0650685858037727
2026-07-16,21248.69318271738,21248.69318271738,0.0,0.0,0,0,0.0,0.0,0.0,0,1.0,1.0,1.1248693182717378
2026-07-17,21664.101831565935,21664.101831565935,0.0,0.0,0,0,0.0,0.0,0.0,0,1.0,1.0,1.1664101831565934
2026-07-18,22006.894617092676,22006.894617092676,0.0,0.0,0,0,0.0,0.0,0.0,0,1.0,1.0,1.2006894617092674
2026-07-19,23413.496367208387,23413.496367208387,0.0,0.0,0,0,0.0,0.0,0.0,0,1.0,1.0,1.3413496367208388
2026-07-20,23719.98597079402,23719.98597079402,0.0,0.0,0,0,0.0,0.0,0.0,0,1.0,1.0,1.371998597079402
2026-07-22,23882.936096208443,23882.936096208443,0.0,0.0,0,0,0.0,0.0,0.0,0,1.0,1.0,1.3882936096208445
2026-07-23,25242.494236483424,25242.494236483424,0.0,0.0,0,0,0.0,0.0,0.0,0,1.0,1.0,1.5242494236483424
2026-07-27,25644.698374303065,25644.698374303065,0.0,0.0,0,0,0.0,0.0,0.0,0,1.0,1.0,1.5644698374303063
2026-07-29,25861.49977759278,25861.49977759278,0.0,0.0,0,0,0.0,0.0,0.0,0,1.0,1.0,1.5861499777592782
2026-07-31,26106.620673820482,26106.620673820482,0.0,0.0,0,0,0.0,0.0,0.0,0,1.0,1.0,1.610662067382048
2026-08-01,26206.29982140654,26206.29982140654,0.0,0.0,0,0,0.0,0.0,0.0,0,1.0,1.0,1.6206299821406542
2026-08-02,26232.789348458795,26232.789348458795,0.0,0.0,0,0,0.0,0.0,0.0,0,1.0,1.0,1.6232789348458794
2026-08-03,26730.6466872551,26730.6466872551,0.0,0.0,0,0,0.0,0.0,0.0,0,1.0,1.0,1.6730646687255097
2026-08-04,26748.91150922745,26748.91150922745,0.0,0.0,0,0,0.0,0.0,0.0,0,1.0,1.0,1.674891150922745
2026-08-05,29058.429002394365,29058.429002394365,0.0,0.0,0,0,0.0,0.0,0.0,0,1.0,1.0,1.9058429002394366
2026-08-06,29170.8527355301,29170.8527355301,0.0,0.0,0,0,0.0,0.0,0.0,0,1.0,1.0,1.9170852735530102
2026-08-07,29627.405802005665,29627.405802005665,0.0,0.0,0,0,0.0,0.0,0.0,0,1.0,1.0,1.9627405802005664
2026-08-09,33845.104141938915,33845.104141938915,0.0,0.0,0,0,0.0,0.0,0.0,0,1.0,1.0,2.3845104141938913
2026-08-10,34165.546576768975,34165.546576768975,0.0,0.0,0,0,0.0,0.0,0.0,0,1.0,1.0,2.4165546576768975
2026-08-11,34700.48088213688,34700.48088213688,0.0,0.0,0,0,0.0,0.0,0.0,0,1.0,1.0,2.4700480882136877
2026-08-12,37103.00429131922,37103.00429131922,0.0,0.0,0,0,0.0,0.0,0.0,0,1.0,1.0,2.710300429131922
2026-08-13,37477.194874352295,37477.194874352295,0.0,0.0,0,0,0.0,0.0,0.0,0,1.0,1.0,2.7477194874352295
2026-08-14,39962.527909569195,39962.527909569195,0.0,0.0,0,0,0.0,0.0,0.0,0,1.0,1.0,2.9962527909569197
2026-08-15,41385.84934739808,41385.84934739808,0.0,0.0,0,0,0.0,0.0,0.0,0,1.0,1.0,3.138584934739808
2026-08-19,42399.008071558244,42399.008071558244,0.0,0.0,0,0,0.0,0.0,0.0,0,1.0,1.0,3.2399008071558244
2026-08-21,42691.283727065595,42691.283727065595,0.0,0.0,0,0,0.0,0.0,0.0,0,1.0,1.0,3.269128372706559
2026-08-22,42824.71039058702,42824.71039058702,0.0,0.0,0,0,0.0,0.0,0.0,0,1.0,1.0,3.2824710390587013
2026-08-24,44550.93514075008,44550.93514075008,0.0,0.0,0,0,0.0,0.0,0.0,0,1.0,1.0,3.455093514075008
2026-08-27,45385.030010827744,45385.030010827744,0.0,0.0,0,0,0.0,0.0,0.0,0,1.0,1.0,3.5385030010827743
2026-08-28,45832.527467347885,45832.527467347885,0.0,0.0,0,0,0.0,0.0,0.0,0,1.0,1.0,3.5832527467347886
2026-08-29,46794.32490633637,46794.32490633637,0.0,0.0,0,0,0.0,0.0,0.0,0,1.0,1.0,3.679432490633637
2026-08-30,47336.549669575266,47336.549669575266,0.0,0.0,0,0,0.0,0.0,0.0,0,1.0,1.0,3.733654966957527
2026-08-31,51914.28914885855,51914.28914885855,0.0,0.0,0,0,0.0,0.0,0.0,0,1.0,1.0,4.191428914885855
2026-09-01,53268.65614343491,53268.65614343491,0.0,0.0,0,0,0.0,0.0,0.0,0,1.0,1.0,4.326865614343491
2026-09-02,56094.27397358462,56094.27397358462,0.0,0.0,0,0,0.0,0.0,0.0,0,1.0,1.0,4.609427397358462
2026-09-03,66255.88519790818,66255.88519790818,0.0,0.0,0,0,0.0,0.0,0.0,0,1.0,1.0,5.625588519790818
2026-09-04,74083.05016998688,74083.05016998688,0.0,0.0,0,0,0.0,0.0,0.0,0,1.0,1.0,6.408305016998687
2026-09-05,78069.03171496642,78069.03171496642,0.0,0.0,0,0,0.0,0.0,0.0,0,1.0,1.0,6.806903171496642
2026-09-06,79145.25256823964,79145.25256823964,0.0,0.0,0,0,0.0,0.0,0.0,0,1.0,1.0,6.914525256823964
2026-09-08,82273.07834770276,82273.07834770276,0.0,0.0,0,0,0.0,0.0,0.0,0,1.0,1.0,7.227307834770276
2026-09-09,85138.42981173763,85138.42981173763,0.0,0.0,0,0,0.0,0.0,0.0,0,1.0,1.0,7.513842981173763
2026-09-10,86415.76417605462,86415.76417605462,0.0,0.0,0,0,0.0,0.0,0.0,0,1.0,1.0,7.641576417605462
2026-09-11,91320.11003111652,91320.11003111652,0.0,0.0,0,0,0.0,0.0,0.0,0,1.0,1.0,8.132011003111652
2026-09-12,94959.52788538489,94959.52788538489,0.0,0.0,0,0,0.0,0.0,0.0,0,1.0,1.0,8.495952788538489
2026-09-13,104340.84032819458,104340.84032819458,0.0,0.0,0,0,0.0,0.0,0.0,0,1.0,1.0,9.434084032819458
