timestamp,run_date,symbol,side,qty,price,notional,fee,slippage,reason
2026-09-13 22:17:39,2026-09-13,ACEUSDT,BUY,2583.20139118,0.14777,381.7197,0.19086,0.076344,rebalance
2026-09-13 22:17:39,2026-09-13,AKEUSDT,BUY,25388.73758396,0.015035,381.7197,0.19086,0.076344,rebalance
2026-09-13 22:17:39,2026-09-13,BCHUSDT,SELL,-1.7281767,220.88,-381.7197,0.19086,0.076344,rebalance
2026-09-13 22:17:39,2026-09-13,BTRUSDT,SELL,-7569.29743357,0.05043,-381.7197,0.19086,0.076344,rebalance
2026-09-13 22:17:39,2026-09-13,BTWUSDT,BUY,531.39136005,0.71834,381.7197,0.19086,0.076344,rebalance
2026-09-13 22:17:39,2026-09-13,BZUSDT,BUY,3.68206491,103.67,381.7197,0.19086,0.076344,rebalance
2026-09-13 22:17:39,2026-09-13,CLUSDT,BUY,3.83368153,99.57,381.7197,0.19086,0.076344,rebalance
2026-09-13 22:17:39,2026-09-13,DRAMUSDT,SELL,-6.76687945,56.41,-381.7197,0.19086,0.076344,rebalance
2026-09-13 22:17:39,2026-09-13,HEMIUSDT,BUY,60919.19399535,0.006266,381.7197,0.19086,0.076344,rebalance
2026-09-13 22:17:39,2026-09-13,KORUUSDT,SELL,-17.23339366,22.15,-381.7197,0.19086,0.076344,rebalance
2026-09-13 22:17:39,2026-09-13,ONGUSDT,BUY,4995.67686919,0.07641,381.7197,0.19086,0.076344,rebalance
2026-09-13 22:17:39,2026-09-13,PAXGUSDT,SELL,-0.08809796,4332.9,-381.7197,0.19086,0.076344,rebalance
2026-09-13 22:17:39,2026-09-13,PROMUSDT,BUY,66.45537423,5.744,381.7197,0.19086,0.076344,rebalance
2026-09-13 22:17:39,2026-09-13,QQQUSDT,SELL,-0.5392968,707.81,-381.7197,0.19086,0.076344,rebalance
2026-09-13 22:17:39,2026-09-13,SOXLUSDT,SELL,-3.29921927,115.7,-381.7197,0.19086,0.076344,rebalance
2026-09-13 22:17:39,2026-09-13,SUIUSDT,SELL,-543.68276538,0.7021,-381.7197,0.19086,0.076344,rebalance
2026-09-13 22:17:39,2026-09-13,USELESSUSDT,BUY,1774.77994037,0.21508,381.7197,0.19086,0.076344,rebalance
2026-09-13 22:17:39,2026-09-13,XAGUSDT,SELL,-5.96530192,63.99,-381.7197,0.19086,0.076344,rebalance
2026-09-13 22:17:39,2026-09-13,XAUUSDT,SELL,-0.08803863,4335.82,-381.7197,0.19086,0.076344,rebalance
2026-09-13 22:17:39,2026-09-13,龙虾USDT,BUY,2681.46302957,0.142355,381.7197,0.19086,0.076344,rebalance
2026-09-14 00:07:05,2026-09-14,HEMIUSDT,SELL,-60919.19399535,0.006343,-386.4104,0.193205,0.077282,rebalance
2026-09-14 00:07:05,2026-09-14,KORUUSDT,BUY,17.23339366,20.8,358.4546,0.179227,0.071691,rebalance
2026-09-14 00:07:05,2026-09-14,LSKUSDT,BUY,504.37385433,0.76056,383.6066,0.191803,0.076721,rebalance
2026-09-14 00:07:05,2026-09-14,MUUSDT,SELL,-0.40595437,944.95,-383.6066,0.191803,0.076721,rebalance
2026-09-14 00:07:05,2026-09-14,NVDAUSDT,SELL,-1.78106871,215.38,-383.6066,0.191803,0.076721,rebalance
2026-09-14 00:07:05,2026-09-14,PAXGUSDT,BUY,0.08809796,4343.0,382.6095,0.191305,0.076522,rebalance
2026-09-15 00:09:04,2026-09-15,ACEUSDT,SELL,-2583.20139118,0.15036,-388.4102,0.194205,0.077682,rebalance
2026-09-15 00:09:04,2026-09-15,AKEUSDT,SELL,-1386.56414988,0.016306,-22.6093,0.011305,0.004522,rebalance
2026-09-15 00:09:04,2026-09-15,BTRUSDT,BUY,7569.29743357,0.04995,378.0864,0.189043,0.075617,rebalance
2026-09-15 00:09:04,2026-09-15,BTWUSDT,BUY,143.14491932,0.58022,83.0555,0.041528,0.016611,rebalance
2026-09-15 00:09:04,2026-09-15,BZUSDT,BUY,0.17579058,101.45,17.834,0.008917,0.003567,rebalance
2026-09-15 00:09:04,2026-09-15,CLUSDT,BUY,0.17389005,97.66,16.9821,0.008491,0.003396,rebalance
2026-09-15 00:09:04,2026-09-15,DRAMUSDT,SELL,-0.23830115,55.87,-13.3139,0.006657,0.002663,rebalance
2026-09-15 00:09:04,2026-09-15,KORUUSDT,SELL,-19.86697665,19.7,-391.3794,0.19569,0.078276,rebalance
2026-09-15 00:09:04,2026-09-15,LSKUSDT,BUY,559.12833316,0.36801,205.7648,0.102882,0.041153,rebalance
2026-09-15 00:09:04,2026-09-15,MUUSDT,BUY,0.40595437,934.06,379.1857,0.189593,0.075837,rebalance
2026-09-15 00:09:04,2026-09-15,NVDAUSDT,SELL,-0.06106364,212.46,-12.9736,0.006487,0.002595,rebalance
2026-09-15 00:09:04,2026-09-15,PROMUSDT,BUY,1.77674572,5.736,10.1914,0.005096,0.002038,rebalance
2026-09-15 00:09:04,2026-09-15,SOXLUSDT,SELL,-0.49800048,103.07,-51.3289,0.025664,0.010266,rebalance
2026-09-15 00:09:04,2026-09-15,SOXSUSDT,SELL,-7.70128768,50.82,-391.3794,0.19569,0.078276,rebalance
2026-09-15 00:09:04,2026-09-15,USELESSUSDT,BUY,212.11944036,0.19698,41.7833,0.020892,0.008357,rebalance
2026-09-15 00:09:04,2026-09-15,XAGUSDT,SELL,-0.22839076,63.19,-14.432,0.007216,0.002886,rebalance
2026-09-15 00:09:04,2026-09-15,XAUUSDT,SELL,-0.00314036,4292.43,-13.4798,0.00674,0.002696,rebalance
2026-09-15 00:09:04,2026-09-15,ZECUSDT,BUY,0.33525736,1167.4,391.3794,0.19569,0.078276,rebalance
2026-09-15 00:09:04,2026-09-15,龙虾USDT,SELL,-234.4238898,0.15994,-37.4938,0.018747,0.007499,rebalance
2026-09-16 00:06:00,2026-09-16,ACEUSDT,BUY,2164.60762734,0.15548,336.5532,0.168277,0.067311,backfill
2026-09-16 00:06:00,2026-09-16,AKEUSDT,SELL,-11515.96753147,0.026954,-310.4014,0.155201,0.06208,backfill
2026-09-16 00:06:00,2026-09-16,BCHUSDT,BUY,0.17466306,216.64,37.839,0.01892,0.007568,backfill
2026-09-16 00:06:00,2026-09-16,BTWUSDT,SELL,-197.25741119,0.70515,-139.0961,0.069548,0.027819,backfill
2026-09-16 00:06:00,2026-09-16,BZUSDT,SELL,-0.59320136,103.09,-61.1531,0.030577,0.012231,backfill
2026-09-16 00:06:00,2026-09-16,CLUSDT,SELL,-0.65578198,100.41,-65.8471,0.032924,0.013169,backfill
2026-09-16 00:06:00,2026-09-16,DRAMUSDT,BUY,0.88157809,54.96,48.4515,0.024226,0.00969,backfill
2026-09-16 00:06:00,2026-09-16,KORUUSDT,BUY,1.93659871,18.77,36.35,0.018175,0.00727,backfill
2026-09-16 00:06:00,2026-09-16,LSKUSDT,SELL,-75.06436582,0.34049,-25.5587,0.012779,0.005112,backfill
2026-09-16 00:06:00,2026-09-16,NVDAUSDT,BUY,0.25991622,212.71,55.2868,0.027643,0.011057,backfill
2026-09-16 00:06:00,2026-09-16,ONGUSDT,SELL,-474.54315212,0.07444,-35.325,0.017662,0.007065,backfill
2026-09-16 00:06:00,2026-09-16,PROMUSDT,SELL,-7.09620825,5.505,-39.0646,0.019532,0.007813,backfill
2026-09-16 00:06:00,2026-09-16,QQQUSDT,BUY,0.06262632,706.05,44.2173,0.022109,0.008843,backfill
2026-09-16 00:06:00,2026-09-16,SOXLUSDT,BUY,0.51633465,102.58,52.9656,0.026483,0.010593,backfill
2026-09-16 00:06:00,2026-09-16,SOXSUSDT,BUY,1.10737714,51.04,56.5205,0.02826,0.011304,backfill
2026-09-16 00:06:00,2026-09-16,SUIUSDT,BUY,53.43776334,0.6865,36.685,0.018343,0.007337,backfill
2026-09-16 00:06:00,2026-09-16,USELESSUSDT,SELL,-422.99048715,0.2152,-91.0276,0.045514,0.018206,backfill
2026-09-16 00:06:00,2026-09-16,WLDUSDT,SELL,-928.93511979,0.3623,-336.5532,0.168277,0.067311,backfill
2026-09-16 00:06:00,2026-09-16,XAGUSDT,BUY,6.19369268,63.75,394.8479,0.197424,0.07897,backfill
2026-09-16 00:06:00,2026-09-16,XAUUSDT,BUY,0.01270916,4288.95,54.5089,0.027254,0.010902,backfill
2026-09-16 00:06:00,2026-09-16,ZECUSDT,SELL,-0.33525736,1110.03,-372.1457,0.186073,0.074429,backfill
2026-09-16 00:06:00,2026-09-16,龙虾USDT,SELL,-729.66814473,0.19597,-142.9931,0.071497,0.028599,backfill
2026-09-17 00:06:00,2026-09-17,ACEUSDT,SELL,-2164.60762734,0.15248,-330.0594,0.16503,0.066012,backfill
2026-09-17 00:06:00,2026-09-17,AKEUSDT,BUY,3113.01031523,0.020332,63.2937,0.031647,0.012659,backfill
2026-09-17 00:06:00,2026-09-17,BCHUSDT,BUY,0.11864545,221.04,26.2254,0.013113,0.005245,backfill
2026-09-17 00:06:00,2026-09-17,BTWUSDT,SELL,-54.02204999,0.74934,-40.4809,0.02024,0.008096,backfill
2026-09-17 00:06:00,2026-09-17,BZUSDT,SELL,-3.26465413,100.47,-327.9998,0.164,0.0656,backfill
2026-09-17 00:06:00,2026-09-17,DRAMUSDT,BUY,0.50412582,56.44,28.4529,0.014226,0.005691,backfill
2026-09-17 00:06:00,2026-09-17,KORUUSDT,BUY,1.35967448,19.14,26.0242,0.013012,0.005205,backfill
2026-09-17 00:06:00,2026-09-17,LSKUSDT,SELL,-313.88070707,0.47018,-147.5804,0.07379,0.029516,backfill
2026-09-17 00:06:00,2026-09-17,MUUSDT,SELL,-0.33896553,935.68,-317.1633,0.158582,0.063433,backfill
2026-09-17 00:06:00,2026-09-17,NVDAUSDT,BUY,1.58221613,215.94,341.6638,0.170832,0.068333,backfill
2026-09-17 00:06:00,2026-09-17,ONGUSDT,SELL,-357.24683062,0.07617,-27.2115,0.013606,0.005442,backfill
2026-09-17 00:06:00,2026-09-17,PROMUSDT,SELL,-3.05803876,5.461,-16.6999,0.00835,0.00334,backfill
2026-09-17 00:06:00,2026-09-17,QQQUSDT,BUY,0.03013776,710.28,21.4062,0.010703,0.004281,backfill
2026-09-17 00:06:00,2026-09-17,SNXXUSDT,SELL,-23.52843206,13.48,-317.1633,0.158582,0.063433,backfill
2026-09-17 00:06:00,2026-09-17,SOXLUSDT,BUY,0.33573454,107.69,36.1553,0.018078,0.007231,backfill
2026-09-17 00:06:00,2026-09-17,SOXSUSDT,BUY,6.59391054,48.5,319.8047,0.159902,0.063961,backfill
2026-09-17 00:06:00,2026-09-17,SUIUSDT,BUY,45.54048137,0.7132,32.4795,0.01624,0.006496,backfill
2026-09-17 00:06:00,2026-09-17,UNIUSDT,BUY,47.28839483,6.707,317.1633,0.158582,0.063433,backfill
2026-09-17 00:06:00,2026-09-17,USELESSUSDT,SELL,-191.68000014,0.23113,-44.303,0.022151,0.008861,backfill
2026-09-17 00:06:00,2026-09-17,WLDUSDT,BUY,928.93511979,0.3727,346.2141,0.173107,0.069243,backfill
2026-09-17 00:06:00,2026-09-17,XAGUSDT,SELL,-5.0081046,63.33,-317.1633,0.158582,0.063433,backfill
2026-09-17 00:06:00,2026-09-17,XAUUSDT,BUY,0.00432677,4277.72,18.5087,0.009254,0.003702,backfill
2026-09-17 00:06:00,2026-09-17,ZECUSDT,BUY,0.23726268,1336.76,317.1633,0.158582,0.063433,backfill
2026-09-17 00:06:00,2026-09-17,龙虾USDT,SELL,-225.12590285,0.212541,-47.8485,0.023924,0.00957,backfill
2026-09-18 00:06:00,2026-09-18,ADAUSDT,SELL,-1700.3344919,0.2025,-344.3177,0.172159,0.068864,backfill
2026-09-18 00:06:00,2026-09-18,AKEUSDT,BUY,575.80772209,0.021287,12.2572,0.006129,0.002451,backfill
2026-09-18 00:06:00,2026-09-18,BTWUSDT,BUY,54.96225766,0.72,39.5728,0.019786,0.007915,backfill
2026-09-18 00:06:00,2026-09-18,CLUSDT,SELL,-3.3517896,96.54,-323.5818,0.161791,0.064716,backfill
2026-09-18 00:06:00,2026-09-18,DRAMUSDT,BUY,5.61947669,57.95,325.6487,0.162824,0.06513,backfill
2026-09-18 00:06:00,2026-09-18,KORUUSDT,BUY,16.57070346,20.43,338.5395,0.16927,0.067708,backfill
2026-09-18 00:06:00,2026-09-18,LITUSDT,BUY,71.57033707,4.8109,344.3177,0.172159,0.068864,backfill
2026-09-18 00:06:00,2026-09-18,LSKUSDT,BUY,123.80528248,0.43128,53.3947,0.026697,0.010679,backfill
2026-09-18 00:06:00,2026-09-18,MUUSDT,BUY,0.33896553,983.99,333.5387,0.166769,0.066708,backfill
2026-09-18 00:06:00,2026-09-18,NEARUSDT,BUY,109.44619663,3.146,344.3177,0.172159,0.068864,backfill
2026-09-18 00:06:00,2026-09-18,NVDAUSDT,SELL,-1.56857425,219.51,-344.3177,0.172159,0.068864,backfill
2026-09-18 00:06:00,2026-09-18,ONDOUSDT,SELL,-924.59112409,0.3724,-344.3177,0.172159,0.068864,backfill
2026-09-18 00:06:00,2026-09-18,ONGUSDT,SELL,-4163.88688645,0.07554,-314.54,0.15727,0.062908,backfill
2026-09-18 00:06:00,2026-09-18,PROMUSDT,BUY,4.61654341,5.492,25.3541,0.012677,0.005071,backfill
2026-09-18 00:06:00,2026-09-18,QQQUSDT,SELL,-0.03390839,716.67,-24.3011,0.012151,0.00486,backfill
2026-09-18 00:06:00,2026-09-18,SNXXUSDT,BUY,23.52843206,14.77,347.5149,0.173757,0.069503,backfill
2026-09-18 00:06:00,2026-09-18,SOXSUSDT,SELL,-7.62102113,45.18,-344.3177,0.172159,0.068864,backfill
2026-09-18 00:06:00,2026-09-18,SUIUSDT,SELL,-19.8990883,0.7411,-14.7472,0.007374,0.002949,backfill
2026-09-18 00:06:00,2026-09-18,TRUMPUSDT,SELL,-176.39228207,1.952,-344.3177,0.172159,0.068864,backfill
2026-09-18 00:06:00,2026-09-18,UNIUSDT,SELL,-3.09410211,7.791,-24.1061,0.012053,0.004821,backfill
2026-09-18 00:06:00,2026-09-18,USELESSUSDT,SELL,-73.16179437,0.26505,-19.3915,0.009696,0.003878,backfill
2026-09-18 00:06:00,2026-09-18,XAGUSDT,BUY,5.0081046,65.51,328.0809,0.16404,0.065616,backfill
2026-09-18 00:06:00,2026-09-18,XAUUSDT,SELL,-0.00496734,4352.37,-21.6197,0.01081,0.004324,backfill
2026-09-19 00:06:00,2026-09-19,ADAUSDT,BUY,1700.3344919,0.2246,381.8951,0.190948,0.076379,backfill
2026-09-19 00:06:00,2026-09-19,AKEUSDT,SELL,-8108.81167824,0.046385,-376.1272,0.188064,0.075225,backfill
2026-09-19 00:06:00,2026-09-19,ARBUSDT,BUY,1691.69080688,0.22117,374.1513,0.187076,0.07483,backfill
2026-09-19 00:06:00,2026-09-19,BCHUSDT,BUY,1.43486819,255.33,366.3649,0.183182,0.073273,backfill
2026-09-19 00:06:00,2026-09-19,BTWUSDT,SELL,-478.21907585,0.63171,-302.0958,0.151048,0.060419,backfill
2026-09-19 00:06:00,2026-09-19,KORUUSDT,SELL,-18.80157064,19.9,-374.1513,0.187076,0.07483,backfill
2026-09-19 00:06:00,2026-09-19,LITUSDT,BUY,6.90921317,4.7675,32.9397,0.01647,0.006588,backfill
2026-09-19 00:06:00,2026-09-19,LSKUSDT,BUY,60.11741331,0.43583,26.201,0.0131,0.00524,backfill
2026-09-19 00:06:00,2026-09-19,NEARUSDT,SELL,-10.01721557,3.763,-37.6948,0.018847,0.007539,backfill
2026-09-19 00:06:00,2026-09-19,NVDAUSDT,SELL,-0.11194702,222.64,-24.9239,0.012462,0.004985,backfill
2026-09-19 00:06:00,2026-09-19,ONDOUSDT,BUY,924.59112409,0.3987,368.6345,0.184317,0.073727,backfill
2026-09-19 00:06:00,2026-09-19,PROMUSDT,BUY,11.35095387,5.053,57.3564,0.028678,0.011471,backfill
2026-09-19 00:06:00,2026-09-19,QQQUSDT,SELL,-0.03738662,722.54,-27.0133,0.013507,0.005403,backfill
2026-09-19 00:06:00,2026-09-19,SAMSUNGUSDT,SELL,-1.9819433,188.78,-374.1513,0.187076,0.07483,backfill
2026-09-19 00:06:00,2026-09-19,SOXLUSDT,SELL,-0.09253114,123.17,-11.3971,0.005699,0.002279,backfill
2026-09-19 00:06:00,2026-09-19,SOXSUSDT,SELL,-1.36004598,41.66,-56.6595,0.02833,0.011332,backfill
2026-09-19 00:06:00,2026-09-19,SUIUSDT,BUY,464.60360897,0.8145,378.4196,0.18921,0.075684,backfill
2026-09-19 00:06:00,2026-09-19,TSLAUSDT,SELL,-1.02692885,364.34,-374.1513,0.187076,0.07483,backfill
2026-09-19 00:06:00,2026-09-19,TUTUSDT,SELL,-16614.17654346,0.02252,-374.1513,0.187076,0.07483,backfill
2026-09-19 00:06:00,2026-09-19,UNIUSDT,SELL,-1.99360969,8.866,-17.6753,0.008838,0.003535,backfill
2026-09-19 00:06:00,2026-09-19,XAUUSDT,SELL,-0.00624133,4383.64,-27.3597,0.01368,0.005472,backfill
2026-09-19 00:06:00,2026-09-19,龙虾USDT,BUY,192.21040824,0.22212,42.6938,0.021347,0.008539,backfill
2026-09-20 00:06:00,2026-09-20,AKEUSDT,SELL,-2566.70981068,0.064543,-165.6632,0.082832,0.033133,backfill
2026-09-20 00:06:00,2026-09-20,BCHUSDT,SELL,-1.39350811,254.72,-354.9544,0.177477,0.070991,backfill
2026-09-20 00:06:00,2026-09-20,BRUSDT,BUY,322.54212823,1.10049,354.9544,0.177477,0.070991,backfill
2026-09-20 00:06:00,2026-09-20,DRAMUSDT,SELL,-5.97164177,59.44,-354.9544,0.177477,0.070991,backfill
2026-09-20 00:06:00,2026-09-20,IOSTUSDT,BUY,423371.16733717,0.0008384,354.9544,0.177477,0.070991,backfill
2026-09-20 00:06:00,2026-09-20,KORUUSDT,BUY,1.05385131,20.0,21.077,0.010539,0.004215,backfill
2026-09-20 00:06:00,2026-09-20,LITUSDT,SELL,-78.47955024,4.8046,-377.0628,0.188531,0.075413,backfill
2026-09-20 00:06:00,2026-09-20,NVDAUSDT,BUY,0.08321056,222.22,18.4911,0.009246,0.003698,backfill
2026-09-20 00:06:00,2026-09-20,PROMUSDT,SELL,-74.04537023,5.29,-391.7,0.19585,0.07834,backfill
2026-09-20 00:06:00,2026-09-20,QQQUSDT,BUY,0.02617393,721.96,18.8965,0.009448,0.003779,backfill
2026-09-20 00:06:00,2026-09-20,SAMSUNGUSDT,BUY,0.10079227,188.69,19.0185,0.009509,0.003804,backfill
2026-09-20 00:06:00,2026-09-20,SOXLUSDT,BUY,0.09810086,120.75,11.8457,0.005923,0.002369,backfill
2026-09-20 00:06:00,2026-09-20,SOXSUSDT,BUY,0.61739164,42.44,26.2021,0.013101,0.00524,backfill
2026-09-20 00:06:00,2026-09-20,TRUMPUSDT,BUY,176.39228207,2.099,370.2474,0.185124,0.074049,backfill
2026-09-20 00:06:00,2026-09-20,TSLAUSDT,BUY,1.02692885,365.31,375.1474,0.187574,0.075029,backfill
2026-09-20 00:06:00,2026-09-20,UNIUSDT,SELL,-1.269596,8.672,-11.0099,0.005505,0.002202,backfill
2026-09-20 00:06:00,2026-09-20,USELESSUSDT,BUY,86.01264766,0.25627,22.0425,0.011021,0.004408,backfill
2026-09-20 00:06:00,2026-09-20,XAUUSDT,BUY,0.00433374,4381.18,18.9869,0.009493,0.003797,backfill
2026-09-20 00:06:00,2026-09-20,龙虾USDT,SELL,-116.98194471,0.22645,-26.4906,0.013245,0.005298,backfill
2026-09-21 00:08:24,2026-09-21,AKEUSDT,SELL,-16235.71336879,0.057361,-931.2968,0.465648,0.186259,rebalance
2026-09-21 00:08:24,2026-09-21,BRUSDT,BUY,380.11579946,1.17199,445.4919,0.222746,0.089098,rebalance
2026-09-21 00:08:24,2026-09-21,BTWUSDT,SELL,-674.53627937,0.7505,-506.2395,0.25312,0.101248,rebalance
2026-09-21 00:08:24,2026-09-21,BZUSDT,SELL,-3.8578555,99.14,-382.4678,0.191234,0.076494,rebalance
2026-09-21 00:08:24,2026-09-21,CLUSDT,SELL,-4.00757158,95.77,-383.8051,0.191903,0.076761,rebalance
2026-09-21 00:08:24,2026-09-21,DRAMUSDT,BUY,7.0051806,60.33,422.6225,0.211311,0.084525,rebalance
2026-09-21 00:08:24,2026-09-21,IOSTUSDT,BUY,504978.36749561,0.0008822,445.4919,0.222746,0.089098,rebalance
2026-09-21 00:08:24,2026-09-21,KORUUSDT,SELL,-1.716934,20.64,-35.4375,0.017719,0.007088,rebalance
2026-09-21 00:08:24,2026-09-21,LSKUSDT,BUY,147.43563579,0.36789,54.2401,0.02712,0.010848,rebalance
2026-09-21 00:08:24,2026-09-21,NEARUSDT,BUY,105.54179479,4.221,445.4919,0.222746,0.089098,rebalance
2026-09-21 00:08:24,2026-09-21,NVDAUSDT,SELL,-0.15612689,222.94,-34.8069,0.017403,0.006961,rebalance
2026-09-21 00:08:24,2026-09-21,ONEUSDT,BUY,110943.07453733,0.0040155,445.4919,0.222746,0.089098,rebalance
2026-09-21 00:08:24,2026-09-21,ONGUSDT,SELL,-4995.67686919,0.08548,-427.0305,0.213515,0.085406,rebalance
2026-09-21 00:08:24,2026-09-21,PROMUSDT,SELL,-68.23211995,4.942,-337.2031,0.168602,0.067441,rebalance
2026-09-21 00:08:24,2026-09-21,QQQUSDT,BUY,0.5392968,724.5,390.7205,0.19536,0.078144,rebalance
2026-09-21 00:08:24,2026-09-21,SAMSUNGUSDT,SELL,-2.28926987,194.6,-445.4919,0.222746,0.089098,rebalance
2026-09-21 00:08:24,2026-09-21,SOXLUSDT,BUY,0.27415201,126.45,34.6665,0.017333,0.006933,rebalance
2026-09-21 00:08:24,2026-09-21,SOXSUSDT,SELL,-3.24177092,40.71,-131.9725,0.065986,0.026394,rebalance
2026-09-21 00:08:24,2026-09-21,SUIUSDT,BUY,543.68276538,0.9143,497.0892,0.248545,0.099418,rebalance
2026-09-21 00:08:24,2026-09-21,TRUMPUSDT,SELL,-213.1540267,2.09,-445.4919,0.222746,0.089098,rebalance
2026-09-21 00:08:24,2026-09-21,TUTUSDT,SELL,-20426.03923909,0.02181,-445.4919,0.222746,0.089098,rebalance
2026-09-21 00:08:24,2026-09-21,UNIUSDT,BUY,51.15305039,8.709,445.4919,0.222746,0.089098,rebalance
2026-09-21 00:08:24,2026-09-21,USELESSUSDT,SELL,-134.69617183,0.24052,-32.3971,0.016199,0.006479,rebalance
2026-09-21 00:08:24,2026-09-21,XAGUSDT,SELL,-0.50341971,66.52,-33.4875,0.016744,0.006697,rebalance
2026-09-21 00:08:24,2026-09-21,XAUUSDT,SELL,-0.01065239,4374.8,-46.6021,0.023301,0.00932,rebalance
2026-09-21 00:08:24,2026-09-21,ZECUSDT,SELL,-0.04259032,1522.18,-64.8301,0.032415,0.012966,rebalance
2026-09-21 00:08:24,2026-09-21,龙虾USDT,SELL,-608.36682229,0.24229,-147.4012,0.073701,0.02948,rebalance
2026-09-22 08:46:42,2026-09-22,AKEUSDT,BUY,778.51502237,0.054098,42.1161,0.021058,0.008423,rebalance
2026-09-22 08:46:42,2026-09-22,ARBUSDT,BUY,2089.62147316,0.22122,462.2661,0.231133,0.092453,rebalance
2026-09-22 08:46:42,2026-09-22,BCHUSDT,BUY,1.7281767,268.67,464.3092,0.232155,0.092862,rebalance
2026-09-22 08:46:42,2026-09-22,BRUSDT,SELL,-380.11579946,1.14411,-434.8943,0.217447,0.086979,rebalance
2026-09-22 08:46:42,2026-09-22,BZUSDT,SELL,-4.80875962,96.13,-462.2661,0.231133,0.092453,rebalance
2026-09-22 08:46:42,2026-09-22,IOSTUSDT,BUY,14538.44784715,0.0008898,12.9363,0.006468,0.002587,rebalance
2026-09-22 08:46:42,2026-09-22,LSKUSDT,BUY,123.35590538,0.34645,42.7367,0.021368,0.008547,rebalance
2026-09-22 08:46:42,2026-09-22,ONEUSDT,BUY,12935.70729674,0.0037316,48.2709,0.024135,0.009654,rebalance
2026-09-22 08:46:42,2026-09-22,SAMSUNGUSDT,BUY,2.28926987,201.05,460.2577,0.230129,0.092052,rebalance
2026-09-22 08:46:42,2026-09-22,SNXXUSDT,SELL,-26.86031739,17.21,-462.2661,0.231133,0.092453,rebalance
2026-09-22 08:46:42,2026-09-22,SOXLUSDT,BUY,0.16772142,137.77,23.107,0.011553,0.004621,rebalance
2026-09-22 08:46:42,2026-09-22,SOXSUSDT,SELL,-1.89053557,36.02,-68.0971,0.034049,0.013619,rebalance
2026-09-22 08:46:42,2026-09-22,TUTUSDT,BUY,20426.03923909,0.0233,475.9267,0.237963,0.095185,rebalance
2026-09-22 08:46:42,2026-09-22,UAIUSDT,SELL,-1280.87021971,0.3609,-462.2661,0.231133,0.092453,rebalance
2026-09-22 08:46:42,2026-09-22,USELESSUSDT,SELL,-330.84048949,0.30385,-100.5259,0.050263,0.020105,rebalance
2026-09-22 08:46:42,2026-09-22,XAGUSDT,SELL,-0.38633938,65.26,-25.2125,0.012606,0.005043,rebalance
2026-09-22 08:46:42,2026-09-22,XAUUSDT,SELL,-0.005164,4320.43,-22.3107,0.011155,0.004462,rebalance
2026-09-22 08:46:42,2026-09-22,ZECUSDT,BUY,0.01477248,1503.6,22.2119,0.011106,0.004442,rebalance
2026-09-22 08:46:42,2026-09-22,龙虾USDT,BUY,724.48854911,0.18035,130.6615,0.065331,0.026132,rebalance
2026-09-23 00:06:49,2026-09-23,ARBUSDT,SELL,-241.40288661,0.23858,-57.5939,0.028797,0.011519,rebalance
2026-09-23 00:06:49,2026-09-23,BRUSDT,BUY,384.06758155,1.1481,440.948,0.220474,0.08819,rebalance
2026-09-23 00:06:49,2026-09-23,BZUSDT,BUY,0.14954586,94.64,14.153,0.007077,0.002831,rebalance
2026-09-23 00:06:49,2026-09-23,CLUSDT,SELL,-4.91909851,89.64,-440.948,0.220474,0.08819,rebalance
2026-09-23 00:06:49,2026-09-23,CRCLUSDT,SELL,-4.68495527,94.12,-440.948,0.220474,0.08819,rebalance
2026-09-23 00:06:49,2026-09-23,IOSTUSDT,SELL,-44203.68569126,0.0009277,-41.0078,0.020504,0.008202,rebalance
2026-09-23 00:06:49,2026-09-23,KORUUSDT,BUY,2.90758747,23.61,68.6481,0.034324,0.01373,rebalance
2026-09-23 00:06:49,2026-09-23,LSKUSDT,BUY,54.78134184,0.31744,17.3898,0.008695,0.003478,rebalance
2026-09-23 00:06:49,2026-09-23,NEARUSDT,SELL,-5.96004448,4.428,-26.3911,0.013196,0.005278,rebalance
2026-09-23 00:06:49,2026-09-23,NVDAUSDT,BUY,0.07070202,228.76,16.1738,0.008087,0.003235,rebalance
2026-09-23 00:06:49,2026-09-23,ONEUSDT,BUY,11256.9798508,0.003263,36.7315,0.018366,0.007346,rebalance
2026-09-23 00:06:49,2026-09-23,SNXXUSDT,BUY,26.86031739,19.89,534.2517,0.267126,0.10685,rebalance
2026-09-23 00:06:49,2026-09-23,SOXLUSDT,BUY,0.45513591,152.04,69.1989,0.034599,0.01384,rebalance
2026-09-23 00:06:49,2026-09-23,SOXSUSDT,SELL,-0.76751595,32.42,-24.8829,0.012441,0.004977,rebalance
2026-09-23 00:06:49,2026-09-23,TRUMPUSDT,BUY,16.65313972,2.244,37.3696,0.018685,0.007474,rebalance
2026-09-23 00:06:49,2026-09-23,UAIUSDT,BUY,1280.87021971,0.3943,505.0471,0.252524,0.101009,rebalance
2026-09-23 00:06:49,2026-09-23,UNIUSDT,SELL,-8.44208657,10.324,-87.1561,0.043578,0.017431,rebalance
2026-09-23 00:06:49,2026-09-23,USELESSUSDT,SELL,-254.63479531,0.3481,-88.6384,0.044319,0.017728,rebalance
2026-09-23 00:06:49,2026-09-23,XAGUSDT,BUY,0.5489528,67.48,37.0433,0.018522,0.007409,rebalance
2026-09-23 00:06:49,2026-09-23,XAUUSDT,BUY,0.00606193,4368.7,26.4827,0.013241,0.005297,rebalance
2026-09-23 00:06:49,2026-09-23,ZECUSDT,SELL,-0.03579939,1623.28,-58.1124,0.029056,0.011622,rebalance
2026-09-23 00:06:49,2026-09-23,龙虾USDT,SELL,-2563.1608666,0.13982,-358.3812,0.179191,0.071676,rebalance
2026-09-24 00:08:16,2026-09-24,AKEUSDT,BUY,1285.42707195,0.043674,56.1397,0.02807,0.011228,rebalance
2026-09-24 00:08:16,2026-09-24,ARBUSDT,SELL,-1848.21858654,0.21572,-398.6977,0.199349,0.07974,rebalance
2026-09-24 00:08:16,2026-09-24,BRUSDT,BUY,18.31389132,1.06698,19.5406,0.00977,0.003908,rebalance
2026-09-24 00:08:16,2026-09-24,BTRUSDT,SELL,-7928.58696064,0.05415,-429.333,0.214666,0.085867,rebalance
2026-09-24 00:08:16,2026-09-24,BZUSDT,BUY,0.27379002,97.9,26.804,0.013402,0.005361,rebalance
2026-09-24 00:08:16,2026-09-24,CLUSDT,BUY,0.25142093,91.98,23.1257,0.011563,0.004625,rebalance
2026-09-24 00:08:16,2026-09-24,CRCLUSDT,BUY,4.68495527,93.05,435.9351,0.217968,0.087187,rebalance
2026-09-24 00:08:16,2026-09-24,IOSTUSDT,SELL,-475313.12965151,0.0008752,-415.9941,0.207997,0.083199,rebalance
2026-09-24 00:08:16,2026-09-24,KORUUSDT,SELL,-1.45180546,21.33,-30.967,0.015484,0.006193,rebalance
2026-09-24 00:08:16,2026-09-24,LITUSDT,BUY,79.76460454,5.3825,429.333,0.214666,0.085867,rebalance
2026-09-24 00:08:16,2026-09-24,LSKUSDT,SELL,-148.94513428,0.3462,-51.5648,0.025782,0.010313,rebalance
2026-09-24 00:08:16,2026-09-24,ONEUSDT,BUY,34360.08668408,0.002533,87.0341,0.043517,0.017407,rebalance
2026-09-24 00:08:16,2026-09-24,SOXLUSDT,BUY,2.90021041,145.13,420.9075,0.210454,0.084182,rebalance
2026-09-24 00:08:16,2026-09-24,SOXSUSDT,BUY,0.95134631,33.94,32.2887,0.016144,0.006458,rebalance
2026-09-24 00:08:16,2026-09-24,TRUMPUSDT,SELL,-22.43485189,1.961,-43.9947,0.021997,0.008799,rebalance
2026-09-24 00:08:16,2026-09-24,UNIUSDT,BUY,3.72349259,9.246,34.4274,0.017214,0.006885,rebalance
2026-09-24 00:08:16,2026-09-24,USELESSUSDT,BUY,161.52551542,0.3006,48.5546,0.024277,0.009711,rebalance
2026-09-24 00:08:16,2026-09-24,WLDUSDT,SELL,-1059.29677749,0.4053,-429.333,0.214666,0.085867,rebalance
2026-09-24 00:08:16,2026-09-24,ZECUSDT,BUY,0.01270895,1509.88,19.189,0.009594,0.003838,rebalance
2026-09-24 00:08:16,2026-09-24,龙虾USDT,BUY,2686.18522129,0.15983,429.333,0.214666,0.085867,rebalance
2026-09-25 00:08:07,2026-09-25,AKEUSDT,BUY,1873.90610724,0.035549,66.6155,0.033308,0.013323,rebalance
2026-09-25 00:08:07,2026-09-25,ASTERUSDT,SELL,-587.26387379,0.7085,-416.0765,0.208038,0.083215,rebalance
2026-09-25 00:08:07,2026-09-25,BRUSDT,SELL,-402.38147287,0.98559,-396.5832,0.198292,0.079317,rebalance
2026-09-25 00:08:07,2026-09-25,BTRUSDT,BUY,7928.58696064,0.05849,463.7431,0.231872,0.092749,rebalance
2026-09-25 00:08:07,2026-09-25,BZUSDT,BUY,4.38542374,99.59,436.7444,0.218372,0.087349,rebalance
2026-09-25 00:08:07,2026-09-25,CLUSDT,BUY,4.66767758,93.9,438.2949,0.219147,0.087659,rebalance
2026-09-25 00:08:07,2026-09-25,CRCLUSDT,SELL,-4.49084139,92.65,-416.0765,0.208038,0.083215,rebalance
2026-09-25 00:08:07,2026-09-25,ENAUSDT,BUY,1833.4205278,0.22694,416.0765,0.208038,0.083215,rebalance
2026-09-25 00:08:07,2026-09-25,LITUSDT,SELL,-79.76460454,5.0816,-405.3318,0.202666,0.081066,rebalance
2026-09-25 00:08:07,2026-09-25,LSKUSDT,SELL,-193.68629904,0.39761,-77.0116,0.038506,0.015402,rebalance
2026-09-25 00:08:07,2026-09-25,LTCUSDT,BUY,5.82332337,71.45,416.0765,0.208038,0.083215,rebalance
2026-09-25 00:08:07,2026-09-25,NEARUSDT,SELL,-10.42887811,4.667,-48.6716,0.024336,0.009734,rebalance
2026-09-25 00:08:07,2026-09-25,NVDAUSDT,BUY,0.07123325,224.14,15.9662,0.007983,0.003193,rebalance
2026-09-25 00:08:07,2026-09-25,ONEUSDT,BUY,23516.37716247,0.0021557,50.6943,0.025347,0.010139,rebalance
2026-09-25 00:08:07,2026-09-25,RAYSOLUSDT,BUY,198.21659501,2.0991,416.0765,0.208038,0.083215,rebalance
2026-09-25 00:08:07,2026-09-25,SOXLUSDT,SELL,-2.86002512,145.48,-416.0765,0.208038,0.083215,rebalance
2026-09-25 00:08:07,2026-09-25,SOXSUSDT,BUY,0.37250048,33.89,12.624,0.006312,0.002525,rebalance
2026-09-25 00:08:07,2026-09-25,TRUMPUSDT,BUY,20.23638138,2.094,42.375,0.021187,0.008475,rebalance
2026-09-25 00:08:07,2026-09-25,WLDUSDT,BUY,115.17049073,0.4407,50.7556,0.025378,0.010151,rebalance
2026-09-25 00:08:07,2026-09-25,XAUUSDT,BUY,0.00353546,4271.92,15.1032,0.007552,0.003021,rebalance
2026-09-25 00:08:07,2026-09-25,ZECUSDT,SELL,-0.01575496,1549.09,-24.4059,0.012203,0.004881,rebalance
2026-09-25 00:08:07,2026-09-25,龙虾USDT,SELL,-2686.18522129,0.1049,-281.7808,0.14089,0.056356,rebalance
2026-09-26 00:08:09,2026-09-26,AKEUSDT,SELL,-362.76929382,0.032872,-11.925,0.005962,0.002385,rebalance
2026-09-26 00:08:09,2026-09-26,ASTERUSDT,BUY,587.26387379,0.7373,432.9897,0.216495,0.086598,rebalance
2026-09-26 00:08:09,2026-09-26,BTRUSDT,SELL,-7471.32403048,0.0499,-372.8191,0.18641,0.074564,rebalance
2026-09-26 00:08:09,2026-09-26,BZUSDT,SELL,-3.81830263,97.64,-372.8191,0.18641,0.074564,rebalance
2026-09-26 00:08:09,2026-09-26,CLUSDT,SELL,-4.02351683,92.66,-372.8191,0.18641,0.074564,rebalance
2026-09-26 00:08:09,2026-09-26,CRCLUSDT,BUY,0.23540172,87.61,20.6235,0.010312,0.004125,rebalance
2026-09-26 00:08:09,2026-09-26,ENAUSDT,SELL,-444.99855133,0.26852,-119.491,0.059746,0.023898,rebalance
2026-09-26 00:08:09,2026-09-26,KORUUSDT,BUY,2.82793982,21.55,60.9421,0.030471,0.012188,rebalance
2026-09-26 00:08:09,2026-09-26,LSKUSDT,BUY,56.76719647,0.33794,19.1839,0.009592,0.003837,rebalance
2026-09-26 00:08:09,2026-09-26,LTCUSDT,SELL,-0.64528074,72.0,-46.4602,0.02323,0.009292,rebalance
2026-09-26 00:08:09,2026-09-26,NEARUSDT,SELL,-13.69869914,4.941,-67.6853,0.033843,0.013537,rebalance
2026-09-26 00:08:09,2026-09-26,NVDAUSDT,BUY,0.20074837,225.19,45.2065,0.022603,0.009041,rebalance
2026-09-26 00:08:09,2026-09-26,ONEUSDT,SELL,-41558.26504997,0.0024616,-102.2998,0.05115,0.02046,rebalance
2026-09-26 00:08:09,2026-09-26,RAYSOLUSDT,SELL,-17.08698848,2.0583,-35.1701,0.017585,0.007034,rebalance
2026-09-26 00:08:09,2026-09-26,SOXLUSDT,BUY,2.86002512,152.31,435.6104,0.217805,0.087122,rebalance
2026-09-26 00:08:09,2026-09-26,SOXSUSDT,BUY,0.71698213,32.25,23.1227,0.011561,0.004625,rebalance
2026-09-26 00:08:09,2026-09-26,TRUMPUSDT,BUY,22.75831496,2.119,48.2249,0.024112,0.009645,rebalance
2026-09-26 00:08:09,2026-09-26,UNIUSDT,SELL,-7.64358458,9.611,-73.4625,0.036731,0.014692,rebalance
2026-09-26 00:08:09,2026-09-26,USELESSUSDT,SELL,-156.39771297,0.29313,-45.8449,0.022922,0.009169,rebalance
2026-09-26 00:08:09,2026-09-26,WLDUSDT,BUY,944.12628677,0.4996,471.6855,0.235843,0.094337,rebalance
2026-09-26 00:08:09,2026-09-26,XAGUSDT,BUY,0.73547783,64.29,47.2839,0.023642,0.009457,rebalance
2026-09-26 00:08:09,2026-09-26,XAUUSDT,BUY,0.01053792,4292.18,45.2307,0.022615,0.009046,rebalance
2026-09-26 00:08:09,2026-09-26,ZECUSDT,SELL,-0.02866164,1553.85,-44.5359,0.022268,0.008907,rebalance
2026-09-27 23:40:42,2026-09-27,AKEUSDT,BUY,2777.04105537,0.030005,83.3251,0.041663,0.016665,rebalance
2026-09-27 23:40:42,2026-09-27,ASTERUSDT,SELL,-587.2303767,0.7214,-423.628,0.211814,0.084726,rebalance
2026-09-27 23:40:42,2026-09-27,BTRUSDT,BUY,7471.32403048,0.04981,372.1466,0.186073,0.074429,rebalance
2026-09-27 23:40:42,2026-09-27,BZUSDT,BUY,3.81830263,98.83,377.3628,0.188681,0.075473,rebalance
2026-09-27 23:40:42,2026-09-27,CLUSDT,SELL,-0.5014564,93.62,-46.9463,0.023473,0.009389,rebalance
2026-09-27 23:40:42,2026-09-27,CRCLUSDT,SELL,-0.51460868,88.81,-45.7024,0.022851,0.00914,rebalance
2026-09-27 23:40:42,2026-09-27,ENAUSDT,BUY,179.7574629,0.27014,48.5597,0.02428,0.009712,rebalance
2026-09-27 23:40:42,2026-09-27,KORUUSDT,SELL,-2.35772272,21.55,-50.8089,0.025404,0.010162,rebalance
2026-09-27 23:40:42,2026-09-27,LSKUSDT,BUY,249.06673444,0.31327,78.0251,0.039013,0.015605,rebalance
2026-09-27 23:40:42,2026-09-27,LTCUSDT,BUY,0.78183348,71.08,55.5727,0.027786,0.011115,rebalance
2026-09-27 23:40:42,2026-09-27,NEARUSDT,BUY,3.199372,5.386,17.2318,0.008616,0.003446,rebalance
2026-09-27 23:40:42,2026-09-27,NVDAUSDT,SELL,-0.23014883,224.65,-51.7029,0.025851,0.010341,rebalance
2026-09-27 23:40:42,2026-09-27,ONEUSDT,BUY,22342.13951932,0.0024375,54.459,0.027229,0.010892,rebalance
2026-09-27 23:40:42,2026-09-27,RAYSOLUSDT,BUY,14.05468842,2.1704,30.5043,0.015252,0.006101,rebalance
2026-09-27 23:40:42,2026-09-27,SOXSUSDT,SELL,-1.33554812,32.85,-43.8728,0.021936,0.008775,rebalance
2026-09-27 23:40:42,2026-09-27,SPCXUSDT,SELL,-2.83154865,149.61,-423.628,0.211814,0.084726,rebalance
2026-09-27 23:40:42,2026-09-27,TRUMPUSDT,SELL,-24.54546658,2.113,-51.8646,0.025932,0.010373,rebalance
2026-09-27 23:40:42,2026-09-27,UNIUSDT,BUY,5.03573626,9.666,48.6754,0.024338,0.009735,rebalance
2026-09-27 23:40:42,2026-09-27,USELESSUSDT,BUY,215.60211669,0.2848,61.4035,0.030702,0.012281,rebalance
2026-09-27 23:40:42,2026-09-27,XAGUSDT,SELL,-0.84091607,63.8,-53.6504,0.026825,0.01073,rebalance
2026-09-27 23:40:42,2026-09-27,XAUUSDT,SELL,-0.01248005,4264.42,-53.2202,0.02661,0.010644,rebalance
2026-09-27 23:40:42,2026-09-27,ZECUSDT,BUY,0.0263244,1591.05,41.8834,0.020942,0.008377,rebalance
2026-09-28 00:06:53,2026-09-28,AKEUSDT,SELL,-14118.58002839,0.031286,-441.7139,0.220857,0.088343,rebalance
2026-09-28 00:06:53,2026-09-28,ASTERUSDT,BUY,587.2303767,0.7239,425.0961,0.212548,0.085019,rebalance
2026-09-28 00:06:53,2026-09-28,LTCUSDT,SELL,-5.95987611,71.13,-423.926,0.211963,0.084785,rebalance
2026-09-28 00:06:53,2026-09-28,ONEUSDT,BUY,6612.13842086,0.0023823,15.7521,0.007876,0.00315,rebalance
2026-09-28 00:06:53,2026-09-28,QNTUSDT,BUY,1.36909578,313.92,429.7865,0.214893,0.085957,rebalance
2026-09-28 00:06:53,2026-09-28,SOXSUSDT,SELL,-0.44329377,32.22,-14.2829,0.007141,0.002857,rebalance
2026-09-28 00:06:53,2026-09-28,SUIUSDT,BUY,338.36131821,1.2702,429.7865,0.214893,0.085957,rebalance
2026-09-28 00:06:53,2026-09-28,龙虾USDT,SELL,-4872.31092157,0.08821,-429.7865,0.214893,0.085957,rebalance
2026-09-29 00:08:20,2026-09-29,BTWUSDT,BUY,375.10536044,1.1181,419.4053,0.209703,0.083881,rebalance
2026-09-29 00:08:20,2026-09-29,CLUSDT,BUY,4.52497323,93.44,422.8135,0.211407,0.084563,rebalance
2026-09-29 00:08:20,2026-09-29,CRCLUSDT,SELL,-0.12040528,85.76,-10.326,0.005163,0.002065,rebalance
2026-09-29 00:08:20,2026-09-29,DRAMUSDT,SELL,-6.9576195,60.28,-419.4053,0.209703,0.083881,rebalance
2026-09-29 00:08:20,2026-09-29,ENAUSDT,BUY,64.57371791,0.25687,16.5871,0.008294,0.003317,rebalance
2026-09-29 00:08:20,2026-09-29,KORUUSDT,SELL,-0.6818219,20.62,-14.0592,0.00703,0.002812,rebalance
2026-09-29 00:08:20,2026-09-29,NEARUSDT,BUY,8.61347605,4.806,41.3964,0.020698,0.008279,rebalance
2026-09-29 00:08:20,2026-09-29,NVDAUSDT,BUY,1.88572443,229.67,433.0943,0.216547,0.086619,rebalance
2026-09-29 00:08:20,2026-09-29,ONEUSDT,SELL,-9779.55513842,0.002458,-24.0381,0.012019,0.004808,rebalance
2026-09-29 00:08:20,2026-09-29,QNTUSDT,BUY,0.48561303,226.13,109.8117,0.054906,0.021962,rebalance
2026-09-29 00:08:20,2026-09-29,RAYSOLUSDT,BUY,25.40440937,1.9013,48.3014,0.024151,0.00966,rebalance
2026-09-29 00:08:20,2026-09-29,SKHYNIXUSDT,SELL,-0.32064381,1308.01,-419.4053,0.209703,0.083881,rebalance
2026-09-29 00:08:20,2026-09-29,SNXXUSDT,SELL,-25.71461088,16.31,-419.4053,0.209703,0.083881,rebalance
2026-09-29 00:08:20,2026-09-29,SOXSUSDT,BUY,1.10085921,34.27,37.7264,0.018863,0.007545,rebalance
2026-09-29 00:08:20,2026-09-29,SPCXUSDT,BUY,2.83154865,146.42,414.5954,0.207298,0.082919,rebalance
2026-09-29 00:08:20,2026-09-29,SUIUSDT,SELL,-338.36131821,1.168,-395.206,0.197603,0.079041,rebalance
2026-09-29 00:08:20,2026-09-29,TRUMPUSDT,SELL,-8.17284587,2.01,-16.4274,0.008214,0.003285,rebalance
2026-09-29 00:08:20,2026-09-29,UNIUSDT,BUY,3.78439243,8.809,33.3367,0.016668,0.006667,rebalance
2026-09-29 00:08:20,2026-09-29,USELESSUSDT,BUY,268.33109431,0.23887,64.0962,0.032048,0.012819,rebalance
2026-09-29 00:08:20,2026-09-29,XAGUSDT,SELL,-0.25931108,60.79,-15.7635,0.007882,0.003153,rebalance
2026-09-29 00:08:20,2026-09-29,ZECUSDT,BUY,0.0161139,1485.3,23.934,0.011967,0.004787,rebalance
2026-09-29 00:08:20,2026-09-29,龙虾USDT,SELL,-996.78092716,0.07146,-71.23,0.035615,0.014246,rebalance
